site,path,status,exit_code,http_code,final_url,redirects,error,statuses,locations
aica-summit.com,/st-beheer/,OK,0,200,https://aica-summit.com/st-beheer/,1,,301 > 200,https://aica-summit.com/st-beheer/
aica-summit.com,/wp-admin/,OK_BLOCKED,0,403,https://aica-summit.com/wp-admin/,1,,301 > 403,https://aica-summit.com/wp-admin/
axplain.nl,/st-beheer/,OK,0,200,https://axplain.nl/st-beheer/,1,,301 > 200,https://axplain.nl/st-beheer/
axplain.nl,/wp-admin/,OK_BLOCKED,0,403,https://axplain.nl/wp-admin/,1,,301 > 403,https://axplain.nl/wp-admin/
becam.nl,/st-beheer/,OK,0,200,https://becam.nl/st-beheer/,1,,301 > 200,https://becam.nl/st-beheer/
becam.nl,/wp-admin/,OK_BLOCKED,0,403,https://becam.nl/wp-admin/,1,,301 > 403,https://becam.nl/wp-admin/
bierfabriek.com,/st-beheer/,CHECK,0,200,https://www.bierfabriek.com/,2,,301 > 302 > 200,https://bierfabriek.com/st-beheer/ | https://www.bierfabriek.com/
bierfabriek.com,/wp-admin/,WP_ADMIN_REDIRECT,0,200,https://www.bierfabriek.com/,2,,301 > 302 > 200,https://bierfabriek.com/wp-admin/ | https://www.bierfabriek.com/
bijoost.nl,/st-beheer/,OK,0,200,https://bijoost.nl/st-beheer/,1,,301 > 200,https://bijoost.nl/st-beheer/
bijoost.nl,/wp-admin/,OK_BLOCKED,0,403,https://bijoost.nl/wp-admin/,1,,301 > 403,https://bijoost.nl/wp-admin/
bit4u.nl,/st-beheer/,OK,0,200,https://bit4u.nl/st-beheer/,1,,301 > 200,https://bit4u.nl/st-beheer/
bit4u.nl,/wp-admin/,OK_BLOCKED,0,403,https://bit4u.nl/wp-admin/,1,,301 > 403,https://bit4u.nl/wp-admin/
boltcab.io,/st-beheer/,OK,0,200,https://boltcab.io/st-beheer/,1,,301 > 200,https://boltcab.io/st-beheer/
boltcab.io,/wp-admin/,OK_BLOCKED,0,403,https://boltcab.io/wp-admin/,1,,301 > 403,https://boltcab.io/wp-admin/
bouwbrug.nl,/st-beheer/,OK,0,200,https://bouwbrug.nl/st-beheer/,1,,301 > 200,https://bouwbrug.nl/st-beheer/
bouwbrug.nl,/wp-admin/,OK_BLOCKED,0,403,https://bouwbrug.nl/wp-admin/,1,,301 > 403,https://bouwbrug.nl/wp-admin/
bregbreg.nl,/st-beheer/,OK,0,200,https://bregbreg.nl/st-beheer/,1,,301 > 200,https://bregbreg.nl/st-beheer/
bregbreg.nl,/wp-admin/,OK_BLOCKED,0,403,https://bregbreg.nl/wp-admin/,1,,301 > 403,https://bregbreg.nl/wp-admin/
brynx.nl,/st-beheer/,OK,0,200,https://brynx.nl/st-beheer/,1,,301 > 200,https://brynx.nl/st-beheer/
brynx.nl,/wp-admin/,OK_BLOCKED,0,403,https://brynx.nl/wp-admin/,1,,301 > 403,https://brynx.nl/wp-admin/
buysmankruiden.nl,/st-beheer/,OK,0,200,https://buysmankruiden.nl/st-beheer/,1,,302 > 200,https://buysmankruiden.nl/st-beheer/
buysmankruiden.nl,/wp-admin/,OK_BLOCKED,0,403,http://buysmankruiden.nl/wp-admin/,0,,403,
bvscout.nl,/st-beheer/,OK,0,200,https://bvscout.nl/st-beheer/,1,,301 > 200,https://bvscout.nl/st-beheer/
bvscout.nl,/wp-admin/,OK_BLOCKED,0,403,https://bvscout.nl/wp-admin/,1,,301 > 403,https://bvscout.nl/wp-admin/
chatlicense.com,/st-beheer/,OK,0,200,https://chatlicense.com/st-beheer/,1,,301 > 200,https://chatlicense.com/st-beheer/
chatlicense.com,/wp-admin/,OK_BLOCKED,0,403,https://chatlicense.com/wp-admin/,1,,301 > 403,https://chatlicense.com/wp-admin/
cocorico.nl,/st-beheer/,CHECK,0,404,https://www.cocorico.nl/st-beheer/,2,,301 > 302 > 404,https://cocorico.nl/st-beheer/ | https://www.cocorico.nl/st-beheer/
cocorico.nl,/wp-admin/,WP_ADMIN_REDIRECT,0,200,https://www.cocorico.nl/wp-login.php?redirect_to=https%3A%2F%2Fcocorico.nl%2Fwp-admin%2F%3Fdoing_wp_cron%3D1783667881.8396201133728027343750&reauth=1,3,,301 > 302 > 302 > 200,https://cocorico.nl/wp-admin/ | /wp-admin/?doing_wp_cron=1783667881.8396201133728027343750 | https://www.cocorico.nl/wp-login.php?redirect_to=https%3A%2F%2Fcocorico.nl%2Fwp-admin%2F%3Fdoing_wp_cron%3D1783667881.8396201133728027343750&reauth=1
dataspark.nl,/st-beheer/,OK,0,200,https://dataspark.nl/st-beheer/,1,,301 > 200,https://dataspark.nl/st-beheer/
dataspark.nl,/wp-admin/,OK_BLOCKED,0,403,https://dataspark.nl/wp-admin/,1,,301 > 403,https://dataspark.nl/wp-admin/
deraadreinders.nl,/st-beheer/,OK,0,200,https://deraadreinders.nl/st-beheer/,1,,301 > 200,https://deraadreinders.nl/st-beheer/
deraadreinders.nl,/wp-admin/,OK_BLOCKED,0,403,https://deraadreinders.nl/wp-admin/,1,,301 > 403,https://deraadreinders.nl/wp-admin/
deslimmechef.nl,/st-beheer/,CHECK,0,404,https://deslimmechef.nl/st-beheer/,1,,301 > 404,https://deslimmechef.nl/st-beheer/
deslimmechef.nl,/wp-admin/,WP_ADMIN_REDIRECT,0,200,https://deslimmechef.nl/wp-login.php?redirect_to=https%3A%2F%2Fdeslimmechef.nl%2Fwp-admin%2F&reauth=1,2,,301 > 302 > 200,https://deslimmechef.nl/wp-admin/ | https://deslimmechef.nl/wp-login.php?redirect_to=https%3A%2F%2Fdeslimmechef.nl%2Fwp-admin%2F&reauth=1
dianatromp.nl,/st-beheer/,CHECK,0,404,https://dianatromp.nl/st-beheer/,1,,301 > 404,https://dianatromp.nl/st-beheer/
dianatromp.nl,/wp-admin/,WP_ADMIN_REDIRECT,0,200,https://dianatromp.nl/wp-login.php?redirect_to=https%3A%2F%2Fdianatromp.nl%2Fwp-admin%2F&reauth=1,2,,301 > 302 > 200,https://dianatromp.nl/wp-admin/ | https://dianatromp.nl/wp-login.php?redirect_to=https%3A%2F%2Fdianatromp.nl%2Fwp-admin%2F&reauth=1
dycotrade.com,/st-beheer/,OK,0,200,https://dycotrade.com/st-beheer/,1,,301 > 200,https://dycotrade.com/st-beheer/
dycotrade.com,/wp-admin/,OK_BLOCKED,0,403,https://dycotrade.com/wp-admin/,1,,301 > 403,https://dycotrade.com/wp-admin/
epiphanyhomes.pt,/st-beheer/,OK,0,200,https://epiphanyhomes.pt/st-beheer/,1,,301 > 200,https://epiphanyhomes.pt/st-beheer/
epiphanyhomes.pt,/wp-admin/,OK_BLOCKED,0,403,https://epiphanyhomes.pt/wp-admin/,1,,301 > 403,https://epiphanyhomes.pt/wp-admin/
finelines.nl,/st-beheer/,CHECK,0,404,http://www.finelines.nl/st-beheer/,1,,301 > 404,http://www.finelines.nl/st-beheer/
finelines.nl,/wp-admin/,WP_ADMIN_REDIRECT,0,200,https://www.finelines.nl/wp-login.php?redirect_to=https%3A%2F%2Ffinelines.nl%2Fwp-admin%2F&reauth=1,2,,302 > 302 > 200,https://finelines.nl/wp-admin/ | https://www.finelines.nl/wp-login.php?redirect_to=https%3A%2F%2Ffinelines.nl%2Fwp-admin%2F&reauth=1
forexfordynamics.com,/st-beheer/,CHECK,0,404,https://forexfordynamics.com/st-beheer,2,,301 > 301 > 404,http://forexfordynamics.com/st-beheer | https://forexfordynamics.com/st-beheer
forexfordynamics.com,/wp-admin/,WP_ADMIN_REDIRECT,0,404,https://forexfordynamics.com/wp-admin,2,,301 > 301 > 404,http://forexfordynamics.com/wp-admin | https://forexfordynamics.com/wp-admin
frisia.nl,/st-beheer/,OK,0,200,https://frisia.nl/st-beheer/,1,,301 > 200,https://frisia.nl/st-beheer/
frisia.nl,/wp-admin/,OK_BLOCKED,0,403,https://frisia.nl/wp-admin/,1,,301 > 403,https://frisia.nl/wp-admin/
funfestijn.nl,/st-beheer/,OK,0,200,https://funfestijn.nl/st-beheer/,1,,301 > 200,https://funfestijn.nl/st-beheer/
funfestijn.nl,/wp-admin/,OK_BLOCKED,0,403,https://funfestijn.nl/wp-admin/,1,,301 > 403,https://funfestijn.nl/wp-admin/
hetwapenvanmedemblik.nl,/st-beheer/,OK,0,200,https://hetwapenvanmedemblik.nl/st-beheer/,1,,301 > 200,https://hetwapenvanmedemblik.nl/st-beheer/
hetwapenvanmedemblik.nl,/wp-admin/,OK_BLOCKED,0,403,https://hetwapenvanmedemblik.nl/wp-admin/,1,,301 > 403,https://hetwapenvanmedemblik.nl/wp-admin/
hmg.studiotempel.nl,/st-beheer/,OK,0,200,https://hmg.studiotempel.nl/st-beheer/,1,,301 > 200,https://hmg.studiotempel.nl/st-beheer/
hmg.studiotempel.nl,/wp-admin/,OK_BLOCKED,0,403,https://hmg.studiotempel.nl/wp-admin/,1,,301 > 403,https://hmg.studiotempel.nl/wp-admin/
hoffdakentimmerwerken.nl,/st-beheer/,OK,0,200,https://hoffdakentimmerwerken.nl/st-beheer/,1,,301 > 200,https://hoffdakentimmerwerken.nl/st-beheer/
hoffdakentimmerwerken.nl,/wp-admin/,OK_BLOCKED,0,403,https://hoffdakentimmerwerken.nl/wp-admin/,1,,301 > 403,https://hoffdakentimmerwerken.nl/wp-admin/
hoogtij.amsterdam,/st-beheer/,OK,0,200,https://hoogtij.amsterdam/st-beheer/,1,,301 > 200,https://hoogtij.amsterdam/st-beheer/
hoogtij.amsterdam,/wp-admin/,OK_BLOCKED,0,403,https://hoogtij.amsterdam/wp-admin/,1,,301 > 403,https://hoogtij.amsterdam/wp-admin/
horecabier.be,/st-beheer/,CHECK,0,404,https://horecabier.be/st-beheer/,1,,301 > 404,https://horecabier.be/st-beheer/
horecabier.be,/wp-admin/,WP_ADMIN_REDIRECT,0,200,https://horecabier.be/wp-login.php?redirect_to=https%3A%2F%2Fhorecabier.be%2Fwp-admin%2F&reauth=1,2,,301 > 302 > 200,https://horecabier.be/wp-admin/ | https://horecabier.be/wp-login.php?redirect_to=https%3A%2F%2Fhorecabier.be%2Fwp-admin%2F&reauth=1
horecabier.nl,/st-beheer/,OK,0,200,https://horecabier.nl/st-beheer/,1,,301 > 200,https://horecabier.nl/st-beheer/
horecabier.nl,/wp-admin/,OK_BLOCKED,0,403,https://horecabier.nl/wp-admin/,1,,301 > 403,https://horecabier.nl/wp-admin/
horizonflowerfamily.nl,/st-beheer/,CHECK,0,404,https://www.horizonflowerfamily.nl/st-beheer/,2,,301 > 301 > 404,https://horizonflowerfamily.nl/st-beheer/ | https://www.horizonflowerfamily.nl/st-beheer/
horizonflowerfamily.nl,/wp-admin/,WP_ADMIN_REDIRECT,0,200,https://www.horizonflowerfamily.nl/wp-login.php?redirect_to=https%3A%2F%2Fhorizonflowerfamily.nl%2Fwp-admin%2F&reauth=1,2,,301 > 302 > 200,https://horizonflowerfamily.nl/wp-admin/ | https://www.horizonflowerfamily.nl/wp-login.php?redirect_to=https%3A%2F%2Fhorizonflowerfamily.nl%2Fwp-admin%2F&reauth=1
jasperfijma.nl,/st-beheer/,OK,0,200,https://jasperfijma.nl/st-beheer/,1,,301 > 200,https://jasperfijma.nl/st-beheer/
jasperfijma.nl,/wp-admin/,OK_BLOCKED,0,403,https://jasperfijma.nl/wp-admin/,1,,301 > 403,https://jasperfijma.nl/wp-admin/
jerbohaarden.nl,/st-beheer/,OK,0,200,https://jerbohaarden.nl/st-beheer/,1,,301 > 200,https://jerbohaarden.nl/st-beheer/
jerbohaarden.nl,/wp-admin/,OK_BLOCKED,0,403,https://jerbohaarden.nl/wp-admin/,1,,301 > 403,https://jerbohaarden.nl/wp-admin/
karaat.nu,/st-beheer/,OK,0,200,https://karaat.nu/st-beheer/,1,,301 > 200,https://karaat.nu/st-beheer/
karaat.nu,/wp-admin/,OK_BLOCKED,0,403,https://karaat.nu/wp-admin/,1,,301 > 403,https://karaat.nu/wp-admin/
kbgmontage.nl,/st-beheer/,OK,0,200,https://kbgmontage.nl/st-beheer/,1,,301 > 200,https://kbgmontage.nl/st-beheer/
kbgmontage.nl,/wp-admin/,OK_BLOCKED,0,403,https://kbgmontage.nl/wp-admin/,1,,301 > 403,https://kbgmontage.nl/wp-admin/
kmsadvisering.nl,/st-beheer/,OK,0,200,https://kmsadvisering.nl/st-beheer/,1,,301 > 200,https://kmsadvisering.nl/st-beheer/
kmsadvisering.nl,/wp-admin/,OK_BLOCKED,0,403,https://kmsadvisering.nl/wp-admin/,1,,301 > 403,https://kmsadvisering.nl/wp-admin/
kmsadvisreringen.nl,/st-beheer/,ERROR,6,000,http://kmsadvisreringen.nl/st-beheer/,0,Could not resolve host: kmsadvisreringen.nl,,
kmsadvisreringen.nl,/wp-admin/,ERROR,6,000,http://kmsadvisreringen.nl/wp-admin/,0,Could not resolve host: kmsadvisreringen.nl,,
knipsalonhoutenbos.nl,/st-beheer/,OK,0,200,https://knipsalonhoutenbos.nl/st-beheer/,1,,301 > 200,https://knipsalonhoutenbos.nl/st-beheer/
knipsalonhoutenbos.nl,/wp-admin/,OK_BLOCKED,0,403,https://knipsalonhoutenbos.nl/wp-admin/,1,,301 > 403,https://knipsalonhoutenbos.nl/wp-admin/
koggevaarder.nl,/st-beheer/,OK,0,200,https://koggevaarder.nl/st-beheer/,1,,301 > 200,https://koggevaarder.nl/st-beheer/
koggevaarder.nl,/wp-admin/,OK_BLOCKED,0,403,https://koggevaarder.nl/wp-admin/,1,,301 > 403,https://koggevaarder.nl/wp-admin/
kooistrafeenstra.nl,/st-beheer/,OK,0,200,https://kooistrafeenstra.nl/st-beheer/,1,,301 > 200,https://kooistrafeenstra.nl/st-beheer/
kooistrafeenstra.nl,/wp-admin/,OK_BLOCKED,0,403,https://kooistrafeenstra.nl/wp-admin/,1,,301 > 403,https://kooistrafeenstra.nl/wp-admin/
leblancacademy.nl,/st-beheer/,OK,0,200,https://leblancacademy.nl/st-beheer/,1,,301 > 200,https://leblancacademy.nl/st-beheer/
leblancacademy.nl,/wp-admin/,OK_BLOCKED,0,403,https://leblancacademy.nl/wp-admin/,1,,301 > 403,https://leblancacademy.nl/wp-admin/
liefamsterdam.nl,/st-beheer/,OK,0,200,https://liefamsterdam.nl/st-beheer/,1,,301 > 200,https://liefamsterdam.nl/st-beheer/
liefamsterdam.nl,/wp-admin/,OK_BLOCKED,0,403,https://liefamsterdam.nl/wp-admin/,1,,301 > 403,https://liefamsterdam.nl/wp-admin/
limo4u.nl,/st-beheer/,OK,0,200,https://limo4u.nl/st-beheer/,1,,301 > 200,https://limo4u.nl/st-beheer/
limo4u.nl,/wp-admin/,OK_BLOCKED,0,403,https://limo4u.nl/wp-admin/,1,,301 > 403,https://limo4u.nl/wp-admin/
maartendegraaf.nl,/st-beheer/,CHECK,0,404,http://www.maartendegraaf.nl/st-beheer/,1,,301 > 404,http://www.maartendegraaf.nl/st-beheer/
maartendegraaf.nl,/wp-admin/,WP_ADMIN_REDIRECT,0,200,https://www.maartendegraaf.nl/wp-login.php?redirect_to=https%3A%2F%2Fmaartendegraaf.nl%2Fwp-admin%2F&reauth=1,2,,302 > 302 > 200,https://maartendegraaf.nl/wp-admin/ | https://www.maartendegraaf.nl/wp-login.php?redirect_to=https%3A%2F%2Fmaartendegraaf.nl%2Fwp-admin%2F&reauth=1
marksmen.nl,/st-beheer/,OK,0,200,https://marksmen.nl/st-beheer/,1,,301 > 200,https://marksmen.nl/st-beheer/
marksmen.nl,/wp-admin/,OK_BLOCKED,0,403,https://marksmen.nl/wp-admin/,1,,301 > 403,https://marksmen.nl/wp-admin/
me-2.nl,/st-beheer/,OK,0,200,https://me-2.nl/st-beheer/,1,,301 > 200,https://me-2.nl/st-beheer/
me-2.nl,/wp-admin/,OK_BLOCKED,0,403,https://me-2.nl/wp-admin/,1,,301 > 403,https://me-2.nl/wp-admin/
medemblikkerbedrijvengroep.nl,/st-beheer/,OK,0,200,https://medemblikkerbedrijvengroep.nl/st-beheer/,1,,301 > 200,https://medemblikkerbedrijvengroep.nl/st-beheer/
medemblikkerbedrijvengroep.nl,/wp-admin/,OK_BLOCKED,0,403,https://medemblikkerbedrijvengroep.nl/wp-admin/,1,,301 > 403,https://medemblikkerbedrijvengroep.nl/wp-admin/
micheldoorn.nl,/st-beheer/,OK,0,200,https://micheldoorn.nl/st-beheer/,1,,301 > 200,https://micheldoorn.nl/st-beheer/
micheldoorn.nl,/wp-admin/,OK_BLOCKED,0,403,https://micheldoorn.nl/wp-admin/,1,,301 > 403,https://micheldoorn.nl/wp-admin/
mkba.info,/st-beheer/,CHECK,0,404,https://www.mkba.info/st-beheer/,2,,301 > 301 > 404,https://mkba.info/st-beheer/ | https://www.mkba.info/st-beheer/
mkba.info,/wp-admin/,WP_ADMIN_REDIRECT,0,200,https://www.mkba.info/wp-login.php?redirect_to=https%3A%2F%2Fmkba.info%2Fwp-admin%2F&reauth=1,2,,301 > 302 > 200,https://mkba.info/wp-admin/ | https://www.mkba.info/wp-login.php?redirect_to=https%3A%2F%2Fmkba.info%2Fwp-admin%2F&reauth=1
mkbkredietnederland.nl,/st-beheer/,OK,0,200,https://mkbkredietnederland.nl/st-beheer/,1,,301 > 200,https://mkbkredietnederland.nl/st-beheer/
mkbkredietnederland.nl,/wp-admin/,OK_BLOCKED,0,403,https://mkbkredietnederland.nl/wp-admin/,1,,301 > 403,https://mkbkredietnederland.nl/wp-admin/
moneycare.nl,/st-beheer/,OK,0,200,https://moneycare.nl/st-beheer/,1,,301 > 200,https://moneycare.nl/st-beheer/
moneycare.nl,/wp-admin/,OK_BLOCKED,0,403,https://moneycare.nl/wp-admin/,1,,301 > 403,https://moneycare.nl/wp-admin/
nct.studiotempel.nl,/st-beheer/,CHECK,0,404,https://nct.studiotempel.nl/st-beheer/,1,,301 > 404,https://nct.studiotempel.nl/st-beheer/
nct.studiotempel.nl,/wp-admin/,WP_ADMIN_REDIRECT,0,200,https://nct.studiotempel.nl/wp-login.php?redirect_to=https%3A%2F%2Fnct.studiotempel.nl%2Fwp-admin%2F&reauth=1,2,,301 > 302 > 200,https://nct.studiotempel.nl/wp-admin/ | https://nct.studiotempel.nl/wp-login.php?redirect_to=https%3A%2F%2Fnct.studiotempel.nl%2Fwp-admin%2F&reauth=1
nr7finance.nl,/st-beheer/,OK,0,200,https://nr7finance.nl/st-beheer/,1,,301 > 200,https://nr7finance.nl/st-beheer/
nr7finance.nl,/wp-admin/,OK_BLOCKED,0,403,https://nr7finance.nl/wp-admin/,1,,301 > 403,https://nr7finance.nl/wp-admin/
nr7groep.nl,/st-beheer/,OK,0,200,https://nr7groep.nl/st-beheer/,1,,301 > 200,https://nr7groep.nl/st-beheer/
nr7groep.nl,/wp-admin/,OK_BLOCKED,0,403,https://nr7groep.nl/wp-admin/,1,,301 > 403,https://nr7groep.nl/wp-admin/
nzvschilders.nl,/st-beheer/,OK,0,200,https://nzvschilders.nl/st-beheer/,1,,301 > 200,https://nzvschilders.nl/st-beheer/
nzvschilders.nl,/wp-admin/,OK_BLOCKED,0,403,https://nzvschilders.nl/wp-admin/,1,,301 > 403,https://nzvschilders.nl/wp-admin/
ofmedemblik.nl,/st-beheer/,CHECK,0,404,https://www.ofmedemblik.nl/st-beheer/?doing_wp_cron=1783667873.6489100456237792968750,3,,301 > 302 > 301 > 404,https://ofmedemblik.nl/st-beheer/ | /st-beheer/?doing_wp_cron=1783667873.6489100456237792968750 | https://www.ofmedemblik.nl/st-beheer/?doing_wp_cron=1783667873.6489100456237792968750
ofmedemblik.nl,/wp-admin/,WP_ADMIN_REDIRECT,0,200,https://www.ofmedemblik.nl/wp-login.php?redirect_to=https%3A%2F%2Fofmedemblik.nl%2Fwp-admin%2F%3Fdoing_wp_cron%3D1783667873.8143908977508544921875&reauth=1,3,,301 > 302 > 302 > 200,https://ofmedemblik.nl/wp-admin/ | /wp-admin/?doing_wp_cron=1783667873.8143908977508544921875 | https://www.ofmedemblik.nl/wp-login.php?redirect_to=https%3A%2F%2Fofmedemblik.nl%2Fwp-admin%2F%3Fdoing_wp_cron%3D1783667873.8143908977508544921875&reauth=1
ondernemersfondsmedemblik.nl,/st-beheer/,OK,0,200,https://ondernemersfondsmedemblik.nl/st-beheer/,1,,301 > 200,https://ondernemersfondsmedemblik.nl/st-beheer/
ondernemersfondsmedemblik.nl,/wp-admin/,OK_BLOCKED,0,403,https://ondernemersfondsmedemblik.nl/wp-admin/,1,,301 > 403,https://ondernemersfondsmedemblik.nl/wp-admin/
overinzicht.nl,/st-beheer/,BAD_WP_ADMIN,0,200,https://overinzicht.nl/wp-login.php?redirect_to=https%3A%2F%2Foverinzicht.nl%2Fwp-admin%2F&reauth=1,5,,301 > 301 > 301 > 301 > 302 > 200,https://overinzicht.nl/st-beheer/ | /wp-admin | http://overinzicht.nl/wp-admin/ | https://overinzicht.nl/wp-admin/ | https://overinzicht.nl/wp-login.php?redirect_to=https%3A%2F%2Foverinzicht.nl%2Fwp-admin%2F&reauth=1
overinzicht.nl,/wp-admin/,WP_ADMIN_REDIRECT,0,200,https://overinzicht.nl/wp-login.php?redirect_to=https%3A%2F%2Foverinzicht.nl%2Fwp-admin%2F&reauth=1,2,,301 > 302 > 200,https://overinzicht.nl/wp-admin/ | https://overinzicht.nl/wp-login.php?redirect_to=https%3A%2F%2Foverinzicht.nl%2Fwp-admin%2F&reauth=1
pgenkhuizen.nl,/st-beheer/,CHECK,0,404,https://www.pgenkhuizen.nl/st-beheer/,2,,301 > 301 > 404,https://pgenkhuizen.nl/st-beheer/ | https://www.pgenkhuizen.nl/st-beheer/
pgenkhuizen.nl,/wp-admin/,WP_ADMIN_REDIRECT,0,200,https://www.pgenkhuizen.nl/wp-login.php?redirect_to=https%3A%2F%2Fpgenkhuizen.nl%2Fwp-admin%2F&reauth=1,2,,301 > 302 > 200,https://pgenkhuizen.nl/wp-admin/ | https://www.pgenkhuizen.nl/wp-login.php?redirect_to=https%3A%2F%2Fpgenkhuizen.nl%2Fwp-admin%2F&reauth=1
pknhoornzwaagblokker.nl,/st-beheer/,OK,0,200,https://pknhoornzwaagblokker.nl/st-beheer/,1,,301 > 200,https://pknhoornzwaagblokker.nl/st-beheer/
pknhoornzwaagblokker.nl,/wp-admin/,OK_BLOCKED,0,403,https://pknhoornzwaagblokker.nl/wp-admin/,1,,301 > 403,https://pknhoornzwaagblokker.nl/wp-admin/
postkrediet.nl,/st-beheer/,OK,0,200,https://postkrediet.nl/st-beheer/,1,,301 > 200,https://postkrediet.nl/st-beheer/
postkrediet.nl,/wp-admin/,OK_BLOCKED,0,403,https://postkrediet.nl/wp-admin/,1,,301 > 403,https://postkrediet.nl/wp-admin/
psmedemblik.nl,/st-beheer/,OK,0,200,https://psmedemblik.nl/st-beheer/,1,,301 > 200,https://psmedemblik.nl/st-beheer/
psmedemblik.nl,/wp-admin/,OK_BLOCKED,0,403,https://psmedemblik.nl/wp-admin/,1,,301 > 403,https://psmedemblik.nl/wp-admin/
quicksilverbar.nl,/st-beheer/,CHECK,0,404,http://www.quicksilverbar.nl/st-beheer/?doing_wp_cron=1783667875.4082779884338378906250,2,,302 > 301 > 404,/st-beheer/?doing_wp_cron=1783667875.4082779884338378906250 | http://www.quicksilverbar.nl/st-beheer/?doing_wp_cron=1783667875.4082779884338378906250
quicksilverbar.nl,/wp-admin/,WP_ADMIN_REDIRECT,0,200,https://www.quicksilverbar.nl/inloggen/,5,,302 > 302 > 302 > 302 > 301 > 200,/wp-admin/?doing_wp_cron=1783667875.7544319629669189453125 | https://quicksilverbar.nl/wp-admin/?doing_wp_cron=1783667875.7544319629669189453125 | https://www.quicksilverbar.nl/wp-login.php?redirect_to=https%3A%2F%2Fquicksilverbar.nl%2Fwp-admin%2F%3Fdoing_wp_cron%3D1783667875.7544319629669189453125&reauth=1 | https://www.quicksilverbar.nl/inloggen | https://www.quicksilverbar.nl/inloggen/
raat.nl,/st-beheer/,OK,0,200,https://raat.nl/st-beheer/,1,,301 > 200,https://raat.nl/st-beheer/
raat.nl,/wp-admin/,OK_BLOCKED,0,403,https://raat.nl/wp-admin/,1,,301 > 403,https://raat.nl/wp-admin/
ragbag.eu,/st-beheer/,OK,0,200,https://ragbag.eu/st-beheer/,1,,301 > 200,https://ragbag.eu/st-beheer/
ragbag.eu,/wp-admin/,OK_BLOCKED,0,403,https://ragbag.eu/wp-admin/,1,,301 > 403,https://ragbag.eu/wp-admin/
rosabian.nl,/st-beheer/,OK,0,200,https://rosabian.nl/st-beheer/,1,,301 > 200,https://rosabian.nl/st-beheer/
rosabian.nl,/wp-admin/,OK_BLOCKED,0,403,https://rosabian.nl/wp-admin/,1,,301 > 403,https://rosabian.nl/wp-admin/
salonannemieke.nl,/st-beheer/,CHECK,0,404,http://salonannemieke.nl/st-beheer/,0,,404,
salonannemieke.nl,/wp-admin/,OK,0,404,http://salonannemieke.nl/wp-admin/,0,,404,
samcity.nl,/st-beheer/,OK,0,200,https://samcity.nl/st-beheer/,1,,301 > 200,https://samcity.nl/st-beheer/
samcity.nl,/wp-admin/,OK_BLOCKED,0,403,https://samcity.nl/wp-admin/,1,,301 > 403,https://samcity.nl/wp-admin/
senshake.nl,/st-beheer/,OK,0,200,https://senshake.nl/st-beheer/,1,,301 > 200,https://senshake.nl/st-beheer/
senshake.nl,/wp-admin/,OK_BLOCKED,0,403,https://senshake.nl/wp-admin/,1,,301 > 403,https://senshake.nl/wp-admin/
significant.nl,/st-beheer/,OK,0,200,https://significant.nl/st-beheer/,1,,301 > 200,https://significant.nl/st-beheer/
significant.nl,/wp-admin/,OK_BLOCKED,0,403,https://significant.nl/wp-admin/,1,,301 > 403,https://significant.nl/wp-admin/
sinusjevi.nl,/st-beheer/,CHECK,0,200,https://sinusjevi.nl/,2,,301 > 302 > 200,https://sinusjevi.nl/st-beheer/ | https://sinusjevi.nl
sinusjevi.nl,/wp-admin/,WP_ADMIN_REDIRECT,0,200,https://sinusjevi.nl/wp-login.php?redirect_to=https%3A%2F%2Fsinusjevi.nl%2Fwp-admin%2F&reauth=1,2,,301 > 302 > 200,https://sinusjevi.nl/wp-admin/ | https://sinusjevi.nl/wp-login.php?redirect_to=https%3A%2F%2Fsinusjevi.nl%2Fwp-admin%2F&reauth=1
stoommachinemuseum.nl,/st-beheer/,OK,0,200,https://stoommachinemuseum.nl/st-beheer/,1,,301 > 200,https://stoommachinemuseum.nl/st-beheer/
stoommachinemuseum.nl,/wp-admin/,OK_BLOCKED,0,403,https://stoommachinemuseum.nl/wp-admin/,1,,301 > 403,https://stoommachinemuseum.nl/wp-admin/
studiotempel.nl,/st-beheer/,OK,0,200,https://studiotempel.nl/st-beheer/,1,,301 > 200,https://studiotempel.nl/st-beheer/
studiotempel.nl,/wp-admin/,OK_BLOCKED,0,403,https://studiotempel.nl/wp-admin/,1,,301 > 403,https://studiotempel.nl/wp-admin/
taplite.com,/st-beheer/,OK,0,200,https://taplite.com/st-beheer/,1,,301 > 200,https://taplite.com/st-beheer/
taplite.com,/wp-admin/,OK_BLOCKED,0,403,https://taplite.com/wp-admin/,1,,301 > 403,https://taplite.com/wp-admin/
taxiid.nl,/st-beheer/,OK,0,200,https://taxiid.nl/st-beheer/,1,,301 > 200,https://taxiid.nl/st-beheer/
taxiid.nl,/wp-admin/,OK_BLOCKED,0,403,https://taxiid.nl/wp-admin/,1,,301 > 403,https://taxiid.nl/wp-admin/
taxiwebbooker.com,/st-beheer/,OK,0,200,https://taxiwebbooker.com/st-beheer/,1,,301 > 200,https://taxiwebbooker.com/st-beheer/
taxiwebbooker.com,/wp-admin/,OK_BLOCKED,0,403,https://taxiwebbooker.com/wp-admin/,1,,301 > 403,https://taxiwebbooker.com/wp-admin/
taxlex.nl,/st-beheer/,BAD_WP_ADMIN,0,403,https://taxlex.nl/wp-admin/,4,,301 > 301 > 301 > 301 > 403,https://taxlex.nl/st-beheer/ | /wp-admin | http://taxlex.nl/wp-admin/ | https://taxlex.nl/wp-admin/
taxlex.nl,/wp-admin/,OK_BLOCKED,0,403,https://taxlex.nl/wp-admin/,1,,301 > 403,https://taxlex.nl/wp-admin/
tcwf.nl,/st-beheer/,CHECK,0,404,http://tcwf.nl/st-beheer/,0,,404,
tcwf.nl,/wp-admin/,OK,0,404,https://tcwf.nl/404/,1,,302 > 404,https://tcwf.nl/404/
thefamilyhaarverzorging.nl,/st-beheer/,CHECK,0,404,http://thefamilyhaarverzorging.nl/st-beheer/,0,,404,
thefamilyhaarverzorging.nl,/wp-admin/,WP_ADMIN_REDIRECT,0,200,https://thefamilyhaarverzorging.nl/wp-login.php?redirect_to=https%3A%2F%2Fthefamilyhaarverzorging.nl%2Fwp-admin%2F&reauth=1,2,,302 > 302 > 200,https://thefamilyhaarverzorging.nl/wp-admin/ | https://thefamilyhaarverzorging.nl/wp-login.php?redirect_to=https%3A%2F%2Fthefamilyhaarverzorging.nl%2Fwp-admin%2F&reauth=1
trend-center.nl,/st-beheer/,CHECK,0,404,https://www.trend-center.nl/st-beheer/,1,,301 > 404,https://www.trend-center.nl/st-beheer/
trend-center.nl,/wp-admin/,WP_ADMIN_REDIRECT,0,200,https://www.trend-center.nl/wp-login.php?redirect_to=https%3A%2F%2Fwww.trend-center.nl%2Fwp-admin%2F&reauth=1,2,,301 > 302 > 200,https://www.trend-center.nl/wp-admin/ | https://www.trend-center.nl/wp-login.php?redirect_to=https%3A%2F%2Fwww.trend-center.nl%2Fwp-admin%2F&reauth=1
treviancollectief.nl,/st-beheer/,OK,0,200,https://treviancollectief.nl/st-beheer/,1,,301 > 200,https://treviancollectief.nl/st-beheer/
treviancollectief.nl,/wp-admin/,OK_BLOCKED,0,403,https://treviancollectief.nl/wp-admin/,1,,301 > 403,https://treviancollectief.nl/wp-admin/
troostonline.nl,/st-beheer/,CHECK,0,404,https://troostonline.nl/st-beheer/,1,,301 > 404,https://troostonline.nl/st-beheer/
troostonline.nl,/wp-admin/,WP_ADMIN_REDIRECT,0,200,https://troostonline.nl/wp-login.php?redirect_to=https%3A%2F%2Ftroostonline.nl%2Fwp-admin%2F&reauth=1,2,,301 > 302 > 200,https://troostonline.nl/wp-admin/ | https://troostonline.nl/wp-login.php?redirect_to=https%3A%2F%2Ftroostonline.nl%2Fwp-admin%2F&reauth=1
vanduintotdijk.nl,/st-beheer/,OK,0,200,https://vanduintotdijk.nl/st-beheer/,1,,301 > 200,https://vanduintotdijk.nl/st-beheer/
vanduintotdijk.nl,/wp-admin/,OK_BLOCKED,0,403,https://vanduintotdijk.nl/wp-admin/,1,,301 > 403,https://vanduintotdijk.nl/wp-admin/
vanlithbouw.nl,/st-beheer/,OK,0,200,https://vanlithbouw.nl/st-beheer/,1,,301 > 200,https://vanlithbouw.nl/st-beheer/
vanlithbouw.nl,/wp-admin/,OK_BLOCKED,0,403,https://vanlithbouw.nl/wp-admin/,1,,301 > 403,https://vanlithbouw.nl/wp-admin/
vanteeffelenexecutive.nl,/st-beheer/,OK,0,200,https://vanteeffelenexecutive.nl/st-beheer/,1,,301 > 200,https://vanteeffelenexecutive.nl/st-beheer/
vanteeffelenexecutive.nl,/wp-admin/,OK_BLOCKED,0,403,https://vanteeffelenexecutive.nl/wp-admin/,1,,301 > 403,https://vanteeffelenexecutive.nl/wp-admin/
vdheuveltrade.nl,/st-beheer/,OK,0,200,https://www.vdheuveltrade.nl/st-beheer/,2,,301 > 301 > 200,https://vdheuveltrade.nl/st-beheer/ | https://www.vdheuveltrade.nl/st-beheer/
vdheuveltrade.nl,/wp-admin/,WP_ADMIN_REDIRECT,0,200,https://www.vdheuveltrade.nl/wp-login.php?redirect_to=https%3A%2F%2Fvdheuveltrade.nl%2Fwp-admin%2F&reauth=1,2,,301 > 302 > 200,https://vdheuveltrade.nl/wp-admin/ | https://www.vdheuveltrade.nl/wp-login.php?redirect_to=https%3A%2F%2Fvdheuveltrade.nl%2Fwp-admin%2F&reauth=1
vlaartechniek.nl,/st-beheer/,CHECK,0,404,https://www.vlaartechniek.nl/st-beheer/,2,,301 > 301 > 404,https://vlaartechniek.nl/st-beheer/ | https://www.vlaartechniek.nl/st-beheer/
vlaartechniek.nl,/wp-admin/,WP_ADMIN_REDIRECT,0,200,https://www.vlaartechniek.nl/wp-login.php?redirect_to=https%3A%2F%2Fvlaartechniek.nl%2Fwp-admin%2F&reauth=1,2,,301 > 302 > 200,https://vlaartechniek.nl/wp-admin/ | https://www.vlaartechniek.nl/wp-login.php?redirect_to=https%3A%2F%2Fvlaartechniek.nl%2Fwp-admin%2F&reauth=1
wardenaar.com,/st-beheer/,CHECK,0,404,https://wardenaar.com/st-beheer/,1,,301 > 404,https://wardenaar.com/st-beheer/
wardenaar.com,/wp-admin/,WP_ADMIN_REDIRECT,0,200,https://wardenaar.com/wp-login.php?redirect_to=https%3A%2F%2Fwardenaar.com%2Fwp-admin%2F&reauth=1,2,,301 > 302 > 200,https://wardenaar.com/wp-admin/ | https://wardenaar.com/wp-login.php?redirect_to=https%3A%2F%2Fwardenaar.com%2Fwp-admin%2F&reauth=1
wlkm.nl,/st-beheer/,OK,0,200,https://wlkm.nl/st-beheer/,1,,301 > 200,https://wlkm.nl/st-beheer/
wlkm.nl,/wp-admin/,OK_BLOCKED,0,403,https://wlkm.nl/wp-admin/,1,,301 > 403,https://wlkm.nl/wp-admin/
woet.eu,/st-beheer/,CHECK,0,404,https://woet.eu/st-beheer/,1,,301 > 404,https://woet.eu/st-beheer/
woet.eu,/wp-admin/,OK,0,200,https://woet.eu/home/,2,,302 > 301 > 200,http://woet.eu/home/ | https://woet.eu/home/
woodstock-vloeren.com,/st-beheer/,ERROR,6,000,http://woodstock-vloeren.com/st-beheer/,0,Could not resolve host: woodstock-vloeren.com,,
woodstock-vloeren.com,/wp-admin/,ERROR,6,000,http://woodstock-vloeren.com/wp-admin/,0,Could not resolve host: woodstock-vloeren.com,,
yvonnekuipers.nl,/st-beheer/,OK,0,200,https://yvonnekuipers.nl/st-beheer/,1,,301 > 200,https://yvonnekuipers.nl/st-beheer/
yvonnekuipers.nl,/wp-admin/,OK_BLOCKED,0,403,https://yvonnekuipers.nl/wp-admin/,1,,301 > 403,https://yvonnekuipers.nl/wp-admin/
zwaanvakschilders.nl,/st-beheer/,OK,0,200,https://zwaanvakschilders.nl/st-beheer/,1,,301 > 200,https://zwaanvakschilders.nl/st-beheer/
zwaanvakschilders.nl,/wp-admin/,OK_BLOCKED,0,403,https://zwaanvakschilders.nl/wp-admin/,1,,301 > 403,https://zwaanvakschilders.nl/wp-admin/
